threeeyed,사랑한다고 상처를 허락하지 마라,베르벨 바르데츠키,다산초당,2019,,대기
threeeyed,어른이 되면 괜찮을 줄 알았다,김혜남,포르체,2019,,승인
threeeyed,나의 작은 이끼 정원,나오미 하루미,북컬쳐,2019,,거부
threeeyed,장수 고양이의 비밀,무라카미 하루키,문학동네,2019,,대기
threeeyed,사업을 한다는 것,레이 크록,센시오,2019,,거부
threeeyed,천년의 질문,조정래,해냄,2019,,대기
threeeyed,카티아 레벨업,유주환,나무매뉴얼,2019,,대기
threeheaded,100년 후의 도시를 설계하라,조재성,새빛,2019,,대기
threeheaded,그 순간 너는,김이정,바람의 아이들,2019,,대기
threeheaded,우리아이 독특한 행동 특별한 뇌,장원웅,전나무숲,2019,,대기
threeheaded,나의 마녀,해윤,애니북스,2019,,대기
threeheaded,미네소타주립대학 불교철학 강의,홍창성,불광출판사,2019,,대기
hahaha,여행의 이유,김영하,문학동네,2019,,대기
hahaha,노르웨이의 숲,무라카미 하루키,민음사,2019,,대기
hahaha,지금 여기에서 달아나지 않는 연습,페마 초드론,한문화,2019,,대기
hahaha,디팩 초프라의 완전한 행복,디팩 초프라,한문화,2019,,대기
bookworm,할아버지가 들려주는 우주이야기,위베르 리브스,열림원,2019,,대기
bookworm,어떻게 사고할 것인가,기타무라 료코,까치,2019,,대기
bookworm,유연한 사고의 힘,레오나르드 믈로디노프,까치,2019,,대기
bookworm,눈물의 땅 팔레스타인,김재명,미지북스,2019,,거부
bookworm,마인드 파워에 관한 10가지 레슨,데일 오디예미,포르투나,2019,,거부
bookworm,잠재의식의 마법,에니그마 발데즈,포르투나,2019,,거부
ap,마음의 돈을 자석으로 만드는 법,로버트 앤소니,포르투나,2019,,거부
ap,기술 전쟁에서 이기는 법,사메지마 마사히로,한국경제신문사,2019,,거부
ap,내 나이가 어때서,안드레 알레만,한국경제신문사,2019,,승인
ap,Rock Roll is Life,D.J.Taylor,Little Brown Book Group,2018,,승인
ap,Alien,Mira Grant,Im print,2019,,승인
ap,조금 다르게 살면 어때,김태진,42미디어콘텐츠,2019,,승인
ap,감자,감자,42미디어콘텐츠,2018,,승인
xptmxm01,도서신청,저자,출판사,123,12,승인
